{
  "downside_diff_lpm2_minus_variance": 0.06613080014614547,
  "downside_diff_ci95": [
    -0.0650531348747173,
    0.21131236734462588
  ],
  "downside_diff_ci_includes_zero": true,
  "decile_ls_ratio_vs_return": 0.007776303534369411,
  "decile_ls_lpm2_vs_drawdown": 0.22177367444570506
}