{
  "partial": {
    "crypto_2016_calm|downside_dev": {
      "mean": 0.12759992351350416,
      "p": 0.0,
      "n": 8,
      "sd": 0.07895370117760286
    },
    "crypto_2016_calm|es5": {
      "mean": 0.14142722851927111,
      "p": 0.0,
      "n": 8,
      "sd": 0.11255388388598563
    },
    "crypto_2016_calm|var5": {
      "mean": 0.12380105515093093,
      "p": 0.0,
      "n": 8,
      "sd": 0.09495964106218432
    },
    "crypto_2016_calm|vn_ratio": {
      "mean": -0.001843931371708022,
      "p": 0.4706666666666667,
      "n": 8,
      "sd": 0.0861410987513904
    },
    "crypto_2016_calm|hill_tail": {
      "mean": -0.08784052156090928,
      "p": 0.008,
      "n": 8,
      "sd": 0.0841730025114573
    },
    "crypto_2016_calm|down_semibeta": {
      "mean": 0.020266115828268413,
      "p": 0.5826666666666667,
      "n": 8,
      "sd": 0.09921849424761268
    },
    "crypto_2016_calm|down_beta": {
      "mean": -0.0807992465134594,
      "p": 0.0,
      "n": 8,
      "sd": 0.09149984586748076
    },
    "crypto_2016_calm|ltd_crash": {
      "mean": -0.06815507460653762,
      "p": 0.3426666666666667,
      "n": 8,
      "sd": 0.12503713811035483
    },
    "crypto_2016_calm|gda_voldown": {
      "mean": 0.03007080128698236,
      "p": 0.28,
      "n": 8,
      "sd": 0.08826726936441993
    },
    "crypto_2017_bull|downside_dev": {
      "mean": 0.1413187363108738,
      "p": 0.0,
      "n": 9,
      "sd": 0.08289807268791127
    },
    "crypto_2017_bull|es5": {
      "mean": 0.07567556776791766,
      "p": 0.0,
      "n": 9,
      "sd": 0.050586688060636306
    },
    "crypto_2017_bull|var5": {
      "mean": 0.19411663992399988,
      "p": 0.0,
      "n": 9,
      "sd": 0.09691630225854349
    },
    "crypto_2017_bull|vn_ratio": {
      "mean": 0.005754462611238411,
      "p": 0.95,
      "n": 9,
      "sd": 0.12133129851637672
    },
    "crypto_2017_bull|hill_tail": {
      "mean": -0.13311434933228022,
      "p": 0.0,
      "n": 9,
      "sd": 0.08837645946784872
    },
    "crypto_2017_bull|down_semibeta": {
      "mean": 0.0778390350374564,
      "p": 0.0,
      "n": 9,
      "sd": 0.048484095670412564
    },
    "crypto_2017_bull|down_beta": {
      "mean": 0.032770308222635436,
      "p": 0.414,
      "n": 9,
      "sd": 0.11948365075548173
    },
    "crypto_2017_bull|ltd_crash": {
      "mean": -0.03745036922431596,
      "p": 0.6106666666666667,
      "n": 9,
      "sd": 0.1320690530484453
    },
    "crypto_2017_bull|gda_voldown": {
      "mean": -0.05135726013375711,
      "p": 0.20066666666666666,
      "n": 9,
      "sd": 0.14724408148199808
    },
    "crypto_2018_crash|downside_dev": {
      "mean": 0.19876557745664175,
      "p": 0.0,
      "n": 7,
      "sd": 0.1913780917646186
    },
    "crypto_2018_crash|es5": {
      "mean": 0.07732098113771783,
      "p": 0.06466666666666666,
      "n": 7,
      "sd": 0.12759196689052754
    },
    "crypto_2018_crash|var5": {
      "mean": 0.13497391061716732,
      "p": 0.011333333333333334,
      "n": 7,
      "sd": 0.1736441917311124
    },
    "crypto_2018_crash|vn_ratio": {
      "mean": -0.053097680597220566,
      "p": 0.06266666666666666,
      "n": 7,
      "sd": 0.1228123445414075
    },
    "crypto_2018_crash|hill_tail": {
      "mean": -0.09212955075663011,
      "p": 0.0,
      "n": 7,
      "sd": 0.08931078160641658
    },
    "crypto_2018_crash|down_semibeta": {
      "mean": 0.13176691162142773,
      "p": 0.0,
      "n": 7,
      "sd": 0.18613922615793146
    },
    "crypto_2018_crash|down_beta": {
      "mean": 0.016963417710355647,
      "p": 0.8146666666666667,
      "n": 7,
      "sd": 0.1785622802050413
    },
    "crypto_2018_crash|ltd_crash": {
      "mean": -0.16530340484637093,
      "p": 0.0,
      "n": 7,
      "sd": 0.15029373574615856
    },
    "crypto_2018_crash|gda_voldown": {
      "mean": 0.047089131442168045,
      "p": 0.2813333333333333,
      "n": 7,
      "sd": 0.17919926380747428
    },
    "equity_1994_99_calm|downside_dev": {
      "mean": 0.02033377846174474,
      "p": 0.15933333333333333,
      "n": 66,
      "sd": 0.09939791846677151
    },
    "equity_1994_99_calm|es5": {
      "mean": 0.02983271017044038,
      "p": 0.03866666666666667,
      "n": 66,
      "sd": 0.09857369780495358
    },
    "equity_1994_99_calm|var5": {
      "mean": 0.034600415570910155,
      "p": 0.008666666666666666,
      "n": 66,
      "sd": 0.08182235434034084
    },
    "equity_1994_99_calm|vn_ratio": {
      "mean": -0.04705892990209644,
      "p": 0.010666666666666666,
      "n": 66,
      "sd": 0.12182663410483073
    },
    "equity_1994_99_calm|hill_tail": {
      "mean": NaN,
      "p": NaN,
      "n": 0,
      "sd": NaN
    },
    "equity_1994_99_calm|down_semibeta": {
      "mean": 0.027081705268209445,
      "p": 0.11933333333333333,
      "n": 66,
      "sd": 0.1042636134433842
    },
    "equity_1994_99_calm|down_beta": {
      "mean": 0.013918371307565895,
      "p": 0.44533333333333336,
      "n": 66,
      "sd": 0.10415676434576472
    },
    "equity_1994_99_calm|ltd_crash": {
      "mean": -0.011086197741007107,
      "p": 0.45466666666666666,
      "n": 66,
      "sd": 0.10892173192412172
    },
    "equity_1994_99_calm|gda_voldown": {
      "mean": -0.012497465029451154,
      "p": 0.49,
      "n": 66,
      "sd": 0.09910214329821218
    },
    "equity_2005_09_gfc|downside_dev": {
      "mean": 0.009985980850225099,
      "p": 0.542,
      "n": 54,
      "sd": 0.08746559757528916
    },
    "equity_2005_09_gfc|es5": {
      "mean": 0.0003980356740964063,
      "p": 0.9533333333333334,
      "n": 54,
      "sd": 0.08621847777864412
    },
    "equity_2005_09_gfc|var5": {
      "mean": 0.07633005910272932,
      "p": 0.0006666666666666666,
      "n": 54,
      "sd": 0.08294338031289356
    },
    "equity_2005_09_gfc|vn_ratio": {
      "mean": -0.06985656633272201,
      "p": 0.0013333333333333333,
      "n": 54,
      "sd": 0.11117748265777173
    },
    "equity_2005_09_gfc|hill_tail": {
      "mean": NaN,
      "p": NaN,
      "n": 0,
      "sd": NaN
    },
    "equity_2005_09_gfc|down_semibeta": {
      "mean": 0.05196267540405563,
      "p": 0.014666666666666666,
      "n": 54,
      "sd": 0.11116558652778165
    },
    "equity_2005_09_gfc|down_beta": {
      "mean": 0.03964715481476203,
      "p": 0.07866666666666666,
      "n": 54,
      "sd": 0.1073788075803126
    },
    "equity_2005_09_gfc|ltd_crash": {
      "mean": 0.001139298472879338,
      "p": 0.972,
      "n": 54,
      "sd": 0.10173788999217584
    },
    "equity_2005_09_gfc|gda_voldown": {
      "mean": -0.029474367264056788,
      "p": 0.18066666666666667,
      "n": 54,
      "sd": 0.10638389502880555
    }
  },
  "head_to_head": {
    "crypto_2016_calm|downside_dev": {
      "mean": -0.008189736764848604,
      "p": 0.6053333333333333,
      "n": 8,
      "sd": 0.027322818489749746
    },
    "crypto_2016_calm|es5": {
      "mean": -0.0003243695212420822,
      "p": 0.8553333333333333,
      "n": 8,
      "sd": 0.031635052938561906
    },
    "crypto_2016_calm|var5": {
      "mean": -0.01204603455089491,
      "p": 0.0,
      "n": 8,
      "sd": 0.029194374746826606
    },
    "crypto_2016_calm|vn_ratio": {
      "mean": -1.172183752418457,
      "p": 0.0,
      "n": 8,
      "sd": 0.09879028587937766
    },
    "crypto_2016_calm|hill_tail": {
      "mean": -0.7904634160795245,
      "p": 0.0,
      "n": 8,
      "sd": 0.09058723041725296
    },
    "crypto_2016_calm|down_semibeta": {
      "mean": -0.22274253362417484,
      "p": 0.0,
      "n": 8,
      "sd": 0.06446086315000567
    },
    "crypto_2016_calm|down_beta": {
      "mean": -0.6087988983662194,
      "p": 0.0,
      "n": 8,
      "sd": 0.08871872879573665
    },
    "crypto_2016_calm|ltd_crash": {
      "mean": -0.998988707803555,
      "p": 0.0,
      "n": 8,
      "sd": 0.08175622656642072
    },
    "crypto_2016_calm|gda_voldown": {
      "mean": -0.6783094266240404,
      "p": 0.0,
      "n": 8,