{
  "crypto_2017": {
    "volatility": 0.35485705276111196,
    "downside_dev": 0.3794124512670677,
    "es5": 0.3505414489475389,
    "var5": 0.3998878516393545,
    "vn_ratio": -0.27590479361838666,
    "hill_tail": -0.0784321462462766,
    "down_semibeta": 0.24924696568915744,
    "down_beta": 0.09255341717318318,
    "ltd_crash": -0.15429565981376137,
    "gda_voldown": -0.10533341677910517
  },
  "crypto_2018": {
    "volatility": 0.37621468125396434,
    "downside_dev": 0.4102524492932929,
    "es5": 0.3269301882727938,
    "var5": 0.3619840160529665,
    "vn_ratio": -0.346449573224186,
    "hill_tail": -0.07099219784521309,
    "down_semibeta": 0.30911977250304984,
    "down_beta": 0.15080005240585437,
    "ltd_crash": -0.2852732224071804,
    "gda_voldown": -0.05004896027369688
  },
  "equity_gfc": {
    "volatility": 0.5639913989114804,
    "downside_dev": 0.5348493341813785,
    "es5": 0.5215154856462051,
    "var5": 0.5398166337276079,
    "vn_ratio": -0.42420739712912237,
    "hill_tail": NaN,
    "down_semibeta": 0.486631875648537,
    "down_beta": 0.3436711033136817,
    "ltd_crash": -0.04592336188211364,
    "gda_voldown": -0.32110587293044096
  }
}